Treatment,effect magnitude
55,0.167506471
400,0.267619137
1600,0.310818719