Treatment,effect magnitude
25,0.167506471
180,0.267619137
725,0.310818719
